{"schemaVersion":"1.0","appDefinitionTemplate":{"id":"/providers/Microsoft.PowerApps/apps/","type":"Microsoft.PowerApps/apps","tags":{"primaryDeviceWidth":"1229","primaryDeviceHeight":"768","supportsPortrait":"true","supportsLandscape":"true","primaryFormFactor":"Tablet","showStatusBar":"false","publisherVersion":"3.24084.21","minimumRequiredApiVersion":"2.2.0","hasComponent":"false","hasUnlockedComponent":"false","isUnifiedRootApp":"false","sienaVersion":"20240910T074402Z-3.24084.21.0"},"properties":{"appVersion":"2024-09-10T07:44:02Z","lifeCycleId":"Published","createdByClientVersion":{"major":3,"minor":24084,"build":21,"revision":0,"majorRevision":0,"minorRevision":0},"minClientVersion":{"major":3,"minor":24084,"build":21,"revision":0,"majorRevision":0,"minorRevision":0},"backgroundColor":"rgba(180, 214, 250, 1)","backgroundImageUri":"/16460820203131149927/N4cedefd7-c982-4fba-8fe8-6465e07e4f69-logoSmallFile","displayName":"New Table Employee Form","description":"","commitMessage":"","appUris":{"documentUri":{"value":"/16460820203131149927/N846cf68b-124d-4be5-b311-0ee41e42604e-document.msapp"},"imageUris":[],"additionalUris":[{"isSolutionAware":false,"value":"/16460820203131149927/N9e0bee85-0c25-459c-bc27-ff32a2d51099-identity.json"}]},"createdTime":"0001-01-01T00:00:00Z","lastModifiedTime":"0001-01-01T00:00:00Z","sharedGroupsCount":0,"sharedUsersCount":0,"connectionReferences":{"67dd221e-eaaa-4123-a07b-acb6f7c22b79":{"id":"45e53a4a-e03b-4f9a-b945-762677538ea3","displayName":"Logic flows","iconUri":"https://connectoricons-prod.azureedge.net/releases/v1.0.1697/1.0.1697.3784/logicflows/icon.png","dataSources":["new"],"dependencies":["b0529e30-1a35-4157-80a2-b4304a0de6a3"],"dependents":[],"parameterHints":{"workflowName":{"value":"a3959aa2-35bc-4cdd-86b6-d0e5906616a0"},"workflowEntityId":{},"workflowDisplayName":{"value":"new"},"b0529e30-1a35-4157-80a2-b4304a0de6a3":{"value":"shared_office365"}},"parameterHintsV2":{"workflowName":{"value":"a3959aa2-35bc-4cdd-86b6-d0e5906616a0"},"workflowEntityId":{},"workflowDisplayName":{"value":"new"},"shared_office365":{"value":"b0529e30-1a35-4157-80a2-b4304a0de6a3"}},"isOnPremiseConnection":false,"bypassConsent":false,"dataSets":{},"apiTier":"Standard","isCustomApiConnection":false,"actions":["Run"],"nestedActions":[{"id":"/providers/Microsoft.PowerApps/apis/shared_office365/apiOperations/SendEmailV2","apiName":"Office 365 Outlook","actionName":"SendEmailV2","referencedResources":[]}]},"b0529e30-1a35-4157-80a2-b4304a0de6a3":{"id":"875f8e9e-6aee-43ca-9619-a3807df2cb17","displayName":"Office 365 Outlook","iconUri":"https://connectoricons-prod.azureedge.net/releases/v1.0.1686/1.0.1686.3706/office365/icon.png","dataSources":[],"dependencies":[],"dependents":["67dd221e-eaaa-4123-a07b-acb6f7c22b79"],"parameterHints":{},"parameterHintsV2":{},"isOnPremiseConnection":false,"bypassConsent":false,"dataSets":{},"apiTier":"Standard","isCustomApiConnection":false},"4615a371-2bea-497e-bfed-b504f27ae1f9":{"id":"f56ddb67-f7eb-4c8c-ac39-e39f0d409368","displayName":"Office 365 Users","iconUri":"https://connectoricons-prod.azureedge.net/releases/v1.0.1702/1.0.1702.3810/office365users/icon.png","dataSources":["Office365Users"],"dependencies":[],"dependents":[],"parameterHints":{},"parameterHintsV2":{},"isOnPremiseConnection":false,"bypassConsent":false,"dataSets":{},"apiTier":"Standard","isCustomApiConnection":false,"actions":["SearchUser"]}},"databaseReferences":{"default.cds":{"databaseDetails":{"referenceType":"Environmental","environmentName":"default.cds","overrideValues":{"status":"NotSpecified","environmentVariableName":""}},"dataSources":{"New Table Forms":{"entitySetName":"cr052_newtableforms","logicalName":"cr052_newtableform","isHidden":false},"Departments":{"entitySetName":"cr052_departmentses","logicalName":"cr052_departments","isHidden":false},"Users":{"entitySetName":"systemusers","logicalName":"systemuser","isHidden":false}},"actions":["providers/PowerPlatform.Governance/Operations/Read","providers/PowerPlatform.Governance/Operations/Write","providers/PowerPlatform.Governance/Operations/Delete"]}},"almMode":"Environment","performanceOptimizationEnabled":false,"canConsumeAppPass":false,"enableModernRuntimeMode":false,"executionRestrictions":{"isTeamsOnly":false,"dataLossPreventionEvaluationResult":{"status":"Compliant","lastEvaluationDate":"2024-09-10T07:44:30.0649999Z","violations":[],"violationsByPolicy":[],"violationErrorMessage":"The app uses the following connectors: shared_logicflows, shared_office365, shared_office365users, shared_commondataservice."},"httpActionRestriction":{"appUsesSharepointHttpAction":false,"enforcementStrategy":"Legacy","evaluationTime":"2024-09-10T07:44:30.0648583Z"}}},"appType":"ClassicCanvasApp","appComponents":[]}}