{"name":"90102e53-f9b7-428b-a2ff-99bd73e78205","id":"/providers/Microsoft.Flow/flows/90102e53-f9b7-428b-a2ff-99bd73e78205","type":"Microsoft.Flow/flows","properties":{"apiId":"/providers/Microsoft.PowerApps/apis/shared_logicflows","displayName":"new","definition":{"metadata":{"workflowEntityId":null,"processAdvisorMetadata":null,"flowChargedByPaygo":null,"flowclientsuspensionreason":"None","flowclientsuspensiontime":null,"flowclientsuspensionreasondetails":null,"creator":{"id":"485cff07-f79d-4c64-9230-811f7a86b725","type":"User","tenantId":"89b80b7d-7e30-48f5-a209-30b7f6aa9ed5"},"provisioningMethod":"FromDefinition","failureAlertSubscription":true,"clientLastModifiedTime":"2024-08-27T06:06:30.1143296Z","connectionKeySavedTimeKey":"2024-08-27T06:06:30.1143296Z"},"$schema":"https://schema.management.azure.com/providers/Microsoft.Logic/schemas/2016-06-01/workflowdefinition.json#","contentVersion":"1.0.0.0","parameters":{"$connections":{"defaultValue":{},"type":"Object"},"$authentication":{"defaultValue":{},"type":"SecureObject"}},"triggers":{"manual":{"metadata":{"operationMetadataId":"d2717dd6-a37b-4f28-8166-0d3bed8e6ddc"},"type":"Request","kind":"PowerAppV2","inputs":{"schema":{"type":"object","properties":{"Sendanemail_To":{"type":"string","format":"email","description":"Specify email addresses separated by semicolons like someone@contoso.com","x-ms-powerflows-param-ispartial":false},"Sendanemail_Subject":{"type":"string","description":"Specify the subject of the mail","x-ms-powerflows-param-ispartial":false},"Sendanemail_Body":{"type":"string","format":"html","description":"Specify the body of the mail. This parameter is used as part of \"7DAD0952-2B98-4CFE-AD96-8DC4879395F0\"","x-ms-powerflows-param-ispartial":true}},"required":["Sendanemail_To","Sendanemail_Subject","Sendanemail_Body"]}}}},"actions":{"Send_an_email":{"runAfter":{},"metadata":{"operationMetadataId":"73518f11-9c7b-4763-84f9-2a6b006c2cec"},"type":"OpenApiConnection","inputs":{"host":{"apiId":"/providers/Microsoft.PowerApps/apis/shared_office365","connectionName":"shared_office365","operationId":"SendEmailV2"},"parameters":{"emailMessage/To":"@triggerBody()['Sendanemail_To']","emailMessage/Subject":"@triggerBody()['Sendanemail_Subject']","emailMessage/Body":"<p>@{triggerBody()['Sendanemail_Body']}</p>"},"authentication":{"value":"@json(decodeBase64(triggerOutputs().headers['X-MS-APIM-Tokens']))['$ConnectionKey']","type":"Raw"}}}},"outputs":{},"description":"Add a new items into a SharePoint list and then send an email when a button or link in Power Apps is selected."},"connectionReferences":{"shared_office365":{"connectionName":"038dd764a8994ae1ba212a0d114500b3","source":"Invoker","id":"/providers/Microsoft.PowerApps/apis/shared_office365","tier":"NotSpecified"}},"flowFailureAlertSubscribed":false,"isManaged":false}}